Name,Email,Country,Phone,Gender
Miss Gertruda Leenaars,gertruda.leenaars@example.com,Netherlands,(0387) 511865,female
Mr Leo Keto,leo.keto@example.com,Finland,07-603-729,male
Monsieur Felix Hubert,felix.hubert@example.com,Switzerland,077 181 32 36,male
Miss Clementina Rocha,clementina.rocha@example.com,Brazil,(99) 7201-3440,female
Mr Lance Carter,lance.carter@example.com,Ireland,021-624-2741,male
Mr Alfredo Ferrer,alfredo.ferrer@example.com,Spain,960-572-337,male
Ms Olivia Joki,olivia.joki@example.com,Finland,08-982-378,female
Ms Anna Harris,anna.harris@example.com,New Zealand,(862)-807-1217,female
Mrs Olivia Salgado,olivia.salgado@example.com,Mexico,(614) 944 2445,female
Mr ماهان رضاییان,mhn.rdyyn@example.com,Iran,040-35804169,male
